{
  "best_params": {
    "max_depth": 9,
    "min_child_weight": 18,
    "subsample": 0.6044195184578105,
    "colsample_bytree": 0.5092863674606264,
    "learning_rate": 0.02362807903275645,
    "reg_alpha": 0.08991962317008408,
    "reg_lambda": 1.0139295380033555
  },
  "mean_best_iter": 863,
  "best_iters_per_fold": [
    896,
    881,
    841,
    811,
    885
  ],
  "oof_f1": 0.7508912091665035
}